question,context,answer
What is the policy number for Rachael Castillo?,"Policyholder Name: Rachael Castillo, DOB: 1946-10-13, License: Q5334475, Address: 17027 Phillips Extension, Rhondaside, QC M2Y 4T1. Vehicle: 2014 Chevrolet Malibu, VIN: 29e9f35b-9c82-484. Insurance Company: Québec Auto Insurance Corp, Policy Number: QC-33558737. Claim Date: 2020-07-16, Claim Type: Collision, Amount Paid: 10854.34, Fault: Not-At-Fault, Adjuster: Donald Stevenson, Damage: Front bumper dent, Repair Cost: 811.58, Garage: Osborne and Sons.",QC-33558737
What vehicle is insured by Rachael Castillo?,"Policyholder Name: Rachael Castillo, DOB: 1946-10-13, License: Q5334475, Address: 17027 Phillips Extension, Rhondaside, QC M2Y 4T1. Vehicle: 2014 Chevrolet Malibu, VIN: 29e9f35b-9c82-484. Insurance Company: Québec Auto Insurance Corp, Policy Number: QC-33558737. Claim Date: 2020-07-16, Claim Type: Collision, Amount Paid: 10854.34, Fault: Not-At-Fault, Adjuster: Donald Stevenson, Damage: Front bumper dent, Repair Cost: 811.58, Garage: Osborne and Sons.",2014 Chevrolet Malibu
What was the claim type filed by Rachael Castillo?,"Policyholder Name: Rachael Castillo, DOB: 1946-10-13, License: Q5334475, Address: 17027 Phillips Extension, Rhondaside, QC M2Y 4T1. Vehicle: 2014 Chevrolet Malibu, VIN: 29e9f35b-9c82-484. Insurance Company: Québec Auto Insurance Corp, Policy Number: QC-33558737. Claim Date: 2020-07-16, Claim Type: Collision, Amount Paid: 10854.34, Fault: Not-At-Fault, Adjuster: Donald Stevenson, Damage: Front bumper dent, Repair Cost: 811.58, Garage: Osborne and Sons.",Collision
What is the policy number for Timothy Duran?,"Policyholder Name: Timothy Duran, DOB: 1946-12-14, License: Q2977874, Address: 356 Anthony Throughway, South Angelaville, NU H7L8C1. Vehicle: 2007 Honda Camry, VIN: d12d8358-9e5f-4a2. Insurance Company: Québec Auto Insurance Corp, Policy Number: QC-75904705. Claim Date: 2023-11-18, Claim Type: Collision, Amount Paid: 3339.81, Fault: No Claim, Adjuster: Dwayne Rodriguez, Damage: None, Repair Cost: 1560.48, Garage: Reese, Weeks and Myers.",QC-75904705
What vehicle is insured by Timothy Duran?,"Policyholder Name: Timothy Duran, DOB: 1946-12-14, License: Q2977874, Address: 356 Anthony Throughway, South Angelaville, NU H7L8C1. Vehicle: 2007 Honda Camry, VIN: d12d8358-9e5f-4a2. Insurance Company: Québec Auto Insurance Corp, Policy Number: QC-75904705. Claim Date: 2023-11-18, Claim Type: Collision, Amount Paid: 3339.81, Fault: No Claim, Adjuster: Dwayne Rodriguez, Damage: None, Repair Cost: 1560.48, Garage: Reese, Weeks and Myers.",2007 Honda Camry
What was the claim type filed by Timothy Duran?,"Policyholder Name: Timothy Duran, DOB: 1946-12-14, License: Q2977874, Address: 356 Anthony Throughway, South Angelaville, NU H7L8C1. Vehicle: 2007 Honda Camry, VIN: d12d8358-9e5f-4a2. Insurance Company: Québec Auto Insurance Corp, Policy Number: QC-75904705. Claim Date: 2023-11-18, Claim Type: Collision, Amount Paid: 3339.81, Fault: No Claim, Adjuster: Dwayne Rodriguez, Damage: None, Repair Cost: 1560.48, Garage: Reese, Weeks and Myers.",Collision
What is the policy number for Heather Ryan?,"Policyholder Name: Heather Ryan, DOB: 1982-03-10, License: Q1099305, Address: 78185 Koch Flats Apt. 101, Lake Marcus, ON G7A6L1. Vehicle: 2015 Chevrolet X5, VIN: eacd6c24-277b-4b7. Insurance Company: Desjardins, Policy Number: QC-17368417. Claim Date: 2024-09-02, Claim Type: Fire, Amount Paid: 6795.2, Fault: No Claim, Adjuster: Larry Ray, Damage: None, Repair Cost: 4554.67, Garage: Franco-Bradley.",QC-17368417
What vehicle is insured by Heather Ryan?,"Policyholder Name: Heather Ryan, DOB: 1982-03-10, License: Q1099305, Address: 78185 Koch Flats Apt. 101, Lake Marcus, ON G7A6L1. Vehicle: 2015 Chevrolet X5, VIN: eacd6c24-277b-4b7. Insurance Company: Desjardins, Policy Number: QC-17368417. Claim Date: 2024-09-02, Claim Type: Fire, Amount Paid: 6795.2, Fault: No Claim, Adjuster: Larry Ray, Damage: None, Repair Cost: 4554.67, Garage: Franco-Bradley.",2015 Chevrolet X5
What was the claim type filed by Heather Ryan?,"Policyholder Name: Heather Ryan, DOB: 1982-03-10, License: Q1099305, Address: 78185 Koch Flats Apt. 101, Lake Marcus, ON G7A6L1. Vehicle: 2015 Chevrolet X5, VIN: eacd6c24-277b-4b7. Insurance Company: Desjardins, Policy Number: QC-17368417. Claim Date: 2024-09-02, Claim Type: Fire, Amount Paid: 6795.2, Fault: No Claim, Adjuster: Larry Ray, Damage: None, Repair Cost: 4554.67, Garage: Franco-Bradley.",Fire
What is the policy number for Mark Young?,"Policyholder Name: Mark Young, DOB: 1995-01-01, License: Q3947565, Address: 6342 Yang Groves Suite 187, Port Teresa, NL B6S7Y8. Vehicle: 2023 BMW F-150, VIN: eeb2dc32-8555-4a1. Insurance Company: Québec Auto Insurance Corp, Policy Number: QC-19181070. Claim Date: 2022-12-02, Claim Type: Collision, Amount Paid: 7490.71, Fault: No Claim, Adjuster: Pamela Rodriguez, Damage: Windshield crack, Repair Cost: 593.99, Garage: Leon, Matthews and Roberts.",QC-19181070
What vehicle is insured by Mark Young?,"Policyholder Name: Mark Young, DOB: 1995-01-01, License: Q3947565, Address: 6342 Yang Groves Suite 187, Port Teresa, NL B6S7Y8. Vehicle: 2023 BMW F-150, VIN: eeb2dc32-8555-4a1. Insurance Company: Québec Auto Insurance Corp, Policy Number: QC-19181070. Claim Date: 2022-12-02, Claim Type: Collision, Amount Paid: 7490.71, Fault: No Claim, Adjuster: Pamela Rodriguez, Damage: Windshield crack, Repair Cost: 593.99, Garage: Leon, Matthews and Roberts.",2023 BMW F-150
What was the claim type filed by Mark Young?,"Policyholder Name: Mark Young, DOB: 1995-01-01, License: Q3947565, Address: 6342 Yang Groves Suite 187, Port Teresa, NL B6S7Y8. Vehicle: 2023 BMW F-150, VIN: eeb2dc32-8555-4a1. Insurance Company: Québec Auto Insurance Corp, Policy Number: QC-19181070. Claim Date: 2022-12-02, Claim Type: Collision, Amount Paid: 7490.71, Fault: No Claim, Adjuster: Pamela Rodriguez, Damage: Windshield crack, Repair Cost: 593.99, Garage: Leon, Matthews and Roberts.",Collision
What is the policy number for Erin Massey?,"Policyholder Name: Erin Massey, DOB: 2001-03-25, License: Q3356652, Address: 935 Shelby Brooks, New Matthewborough, SK L1P1X8. Vehicle: 2023 Ford X5, VIN: 42165716-0ac4-426. Insurance Company: Desjardins, Policy Number: QC-82485686. Claim Date: 2021-05-05, Claim Type: Theft, Amount Paid: 3525.37, Fault: Not-At-Fault, Adjuster: Candace Hernandez, Damage: Windshield crack, Repair Cost: 2142.27, Garage: Hicks, Alexander and Smith.",QC-82485686
What vehicle is insured by Erin Massey?,"Policyholder Name: Erin Massey, DOB: 2001-03-25, License: Q3356652, Address: 935 Shelby Brooks, New Matthewborough, SK L1P1X8. Vehicle: 2023 Ford X5, VIN: 42165716-0ac4-426. Insurance Company: Desjardins, Policy Number: QC-82485686. Claim Date: 2021-05-05, Claim Type: Theft, Amount Paid: 3525.37, Fault: Not-At-Fault, Adjuster: Candace Hernandez, Damage: Windshield crack, Repair Cost: 2142.27, Garage: Hicks, Alexander and Smith.",2023 Ford X5
What was the claim type filed by Erin Massey?,"Policyholder Name: Erin Massey, DOB: 2001-03-25, License: Q3356652, Address: 935 Shelby Brooks, New Matthewborough, SK L1P1X8. Vehicle: 2023 Ford X5, VIN: 42165716-0ac4-426. Insurance Company: Desjardins, Policy Number: QC-82485686. Claim Date: 2021-05-05, Claim Type: Theft, Amount Paid: 3525.37, Fault: Not-At-Fault, Adjuster: Candace Hernandez, Damage: Windshield crack, Repair Cost: 2142.27, Garage: Hicks, Alexander and Smith.",Theft
What is the policy number for Bryan Robinson?,"Policyholder Name: Bryan Robinson, DOB: 1958-01-05, License: Q9284506, Address: 9444 Stephens Harbor Suite 445, Richardsonburgh, PE P5J 2T5. Vehicle: 2021 Ford Civic, VIN: 99bbaeaf-5099-486. Insurance Company: Intact Insurance, Policy Number: QC-21196898. Claim Date: 2021-12-07, Claim Type: None, Amount Paid: 14427.93, Fault: No Claim, Adjuster: Shawn Anderson, Damage: None, Repair Cost: 2131.72, Garage: Leblanc, Anderson and Jefferson.",QC-21196898
What vehicle is insured by Bryan Robinson?,"Policyholder Name: Bryan Robinson, DOB: 1958-01-05, License: Q9284506, Address: 9444 Stephens Harbor Suite 445, Richardsonburgh, PE P5J 2T5. Vehicle: 2021 Ford Civic, VIN: 99bbaeaf-5099-486. Insurance Company: Intact Insurance, Policy Number: QC-21196898. Claim Date: 2021-12-07, Claim Type: None, Amount Paid: 14427.93, Fault: No Claim, Adjuster: Shawn Anderson, Damage: None, Repair Cost: 2131.72, Garage: Leblanc, Anderson and Jefferson.",2021 Ford Civic
What was the claim type filed by Bryan Robinson?,"Policyholder Name: Bryan Robinson, DOB: 1958-01-05, License: Q9284506, Address: 9444 Stephens Harbor Suite 445, Richardsonburgh, PE P5J 2T5. Vehicle: 2021 Ford Civic, VIN: 99bbaeaf-5099-486. Insurance Company: Intact Insurance, Policy Number: QC-21196898. Claim Date: 2021-12-07, Claim Type: None, Amount Paid: 14427.93, Fault: No Claim, Adjuster: Shawn Anderson, Damage: None, Repair Cost: 2131.72, Garage: Leblanc, Anderson and Jefferson.",None
What is the policy number for Michael Washington?,"Policyholder Name: Michael Washington, DOB: 1976-10-30, License: Q8158285, Address: 043 Martinez Villages Apt. 886, Mariatown, NU H3E 1S4. Vehicle: 2010 Chevrolet Civic, VIN: 19be2ae2-47cb-4e5. Insurance Company: Québec Auto Insurance Corp, Policy Number: QC-61640349. Claim Date: 2022-04-11, Claim Type: None, Amount Paid: 11570.34, Fault: At-Fault, Adjuster: Brittany Phillips, Damage: Front bumper dent, Repair Cost: 790.39, Garage: Smith-Jones.",QC-61640349
What vehicle is insured by Michael Washington?,"Policyholder Name: Michael Washington, DOB: 1976-10-30, License: Q8158285, Address: 043 Martinez Villages Apt. 886, Mariatown, NU H3E 1S4. Vehicle: 2010 Chevrolet Civic, VIN: 19be2ae2-47cb-4e5. Insurance Company: Québec Auto Insurance Corp, Policy Number: QC-61640349. Claim Date: 2022-04-11, Claim Type: None, Amount Paid: 11570.34, Fault: At-Fault, Adjuster: Brittany Phillips, Damage: Front bumper dent, Repair Cost: 790.39, Garage: Smith-Jones.",2010 Chevrolet Civic
What was the claim type filed by Michael Washington?,"Policyholder Name: Michael Washington, DOB: 1976-10-30, License: Q8158285, Address: 043 Martinez Villages Apt. 886, Mariatown, NU H3E 1S4. Vehicle: 2010 Chevrolet Civic, VIN: 19be2ae2-47cb-4e5. Insurance Company: Québec Auto Insurance Corp, Policy Number: QC-61640349. Claim Date: 2022-04-11, Claim Type: None, Amount Paid: 11570.34, Fault: At-Fault, Adjuster: Brittany Phillips, Damage: Front bumper dent, Repair Cost: 790.39, Garage: Smith-Jones.",None
What is the policy number for Chase Johnston?,"Policyholder Name: Chase Johnston, DOB: 1950-02-03, License: Q2120958, Address: 644 Casey Court, Port Brittneyview, NS H4B8C7. Vehicle: 2024 Ford Camry, VIN: 4c7d2eec-5d26-45d. Insurance Company: Desjardins, Policy Number: QC-18601130. Claim Date: 2021-06-21, Claim Type: Theft, Amount Paid: 12725.69, Fault: Not-At-Fault, Adjuster: Joan Bryant, Damage: Total loss, Repair Cost: 688.83, Garage: Bell-Clark.",QC-18601130
What vehicle is insured by Chase Johnston?,"Policyholder Name: Chase Johnston, DOB: 1950-02-03, License: Q2120958, Address: 644 Casey Court, Port Brittneyview, NS H4B8C7. Vehicle: 2024 Ford Camry, VIN: 4c7d2eec-5d26-45d. Insurance Company: Desjardins, Policy Number: QC-18601130. Claim Date: 2021-06-21, Claim Type: Theft, Amount Paid: 12725.69, Fault: Not-At-Fault, Adjuster: Joan Bryant, Damage: Total loss, Repair Cost: 688.83, Garage: Bell-Clark.",2024 Ford Camry
What was the claim type filed by Chase Johnston?,"Policyholder Name: Chase Johnston, DOB: 1950-02-03, License: Q2120958, Address: 644 Casey Court, Port Brittneyview, NS H4B8C7. Vehicle: 2024 Ford Camry, VIN: 4c7d2eec-5d26-45d. Insurance Company: Desjardins, Policy Number: QC-18601130. Claim Date: 2021-06-21, Claim Type: Theft, Amount Paid: 12725.69, Fault: Not-At-Fault, Adjuster: Joan Bryant, Damage: Total loss, Repair Cost: 688.83, Garage: Bell-Clark.",Theft
What is the policy number for Christopher Williams?,"Policyholder Name: Christopher Williams, DOB: 1971-11-12, License: Q3829318, Address: 9045 Crawford Ramp, West Karenburgh, PE K6J 9R7. Vehicle: 2008 Toyota Civic, VIN: d9ae861e-a6ee-41b. Insurance Company: Desjardins, Policy Number: QC-14809104. Claim Date: 2021-05-06, Claim Type: Theft, Amount Paid: 3194.64, Fault: At-Fault, Adjuster: Jeffrey Jacobson, Damage: Front bumper dent, Repair Cost: 1060.09, Garage: Small-Smith.",QC-14809104
What vehicle is insured by Christopher Williams?,"Policyholder Name: Christopher Williams, DOB: 1971-11-12, License: Q3829318, Address: 9045 Crawford Ramp, West Karenburgh, PE K6J 9R7. Vehicle: 2008 Toyota Civic, VIN: d9ae861e-a6ee-41b. Insurance Company: Desjardins, Policy Number: QC-14809104. Claim Date: 2021-05-06, Claim Type: Theft, Amount Paid: 3194.64, Fault: At-Fault, Adjuster: Jeffrey Jacobson, Damage: Front bumper dent, Repair Cost: 1060.09, Garage: Small-Smith.",2008 Toyota Civic
What was the claim type filed by Christopher Williams?,"Policyholder Name: Christopher Williams, DOB: 1971-11-12, License: Q3829318, Address: 9045 Crawford Ramp, West Karenburgh, PE K6J 9R7. Vehicle: 2008 Toyota Civic, VIN: d9ae861e-a6ee-41b. Insurance Company: Desjardins, Policy Number: QC-14809104. Claim Date: 2021-05-06, Claim Type: Theft, Amount Paid: 3194.64, Fault: At-Fault, Adjuster: Jeffrey Jacobson, Damage: Front bumper dent, Repair Cost: 1060.09, Garage: Small-Smith.",Theft
What is the policy number for Sandra Farmer?,"Policyholder Name: Sandra Farmer, DOB: 1997-08-23, License: Q3332304, Address: 040 Bowman Squares Apt. 870, Cruzport, PE B6L 5Y1. Vehicle: 2023 Ford Malibu, VIN: 34f372df-7291-459. Insurance Company: Desjardins, Policy Number: QC-56159436. Claim Date: 2022-10-17, Claim Type: Theft, Amount Paid: 8533.24, Fault: No Claim, Adjuster: Lindsey Vaughn, Damage: None, Repair Cost: 3130.72, Garage: Bryant-Johnson.",QC-56159436
What vehicle is insured by Sandra Farmer?,"Policyholder Name: Sandra Farmer, DOB: 1997-08-23, License: Q3332304, Address: 040 Bowman Squares Apt. 870, Cruzport, PE B6L 5Y1. Vehicle: 2023 Ford Malibu, VIN: 34f372df-7291-459. Insurance Company: Desjardins, Policy Number: QC-56159436. Claim Date: 2022-10-17, Claim Type: Theft, Amount Paid: 8533.24, Fault: No Claim, Adjuster: Lindsey Vaughn, Damage: None, Repair Cost: 3130.72, Garage: Bryant-Johnson.",2023 Ford Malibu
What was the claim type filed by Sandra Farmer?,"Policyholder Name: Sandra Farmer, DOB: 1997-08-23, License: Q3332304, Address: 040 Bowman Squares Apt. 870, Cruzport, PE B6L 5Y1. Vehicle: 2023 Ford Malibu, VIN: 34f372df-7291-459. Insurance Company: Desjardins, Policy Number: QC-56159436. Claim Date: 2022-10-17, Claim Type: Theft, Amount Paid: 8533.24, Fault: No Claim, Adjuster: Lindsey Vaughn, Damage: None, Repair Cost: 3130.72, Garage: Bryant-Johnson.",Theft
What is the policy number for Tyler Jones?,"Policyholder Name: Tyler Jones, DOB: 1947-02-16, License: Q6482652, Address: 585 Joseph Points Suite 061, Brettmouth, NS S9M2M1. Vehicle: 2024 BMW F-150, VIN: 4359d0da-a6ca-422. Insurance Company: Desjardins, Policy Number: QC-75138535. Claim Date: 2020-01-04, Claim Type: Vandalism, Amount Paid: 1729.34, Fault: No Claim, Adjuster: Joseph Pearson, Damage: Front bumper dent, Repair Cost: 1439.6, Garage: Wilson-Murphy.",QC-75138535
What vehicle is insured by Tyler Jones?,"Policyholder Name: Tyler Jones, DOB: 1947-02-16, License: Q6482652, Address: 585 Joseph Points Suite 061, Brettmouth, NS S9M2M1. Vehicle: 2024 BMW F-150, VIN: 4359d0da-a6ca-422. Insurance Company: Desjardins, Policy Number: QC-75138535. Claim Date: 2020-01-04, Claim Type: Vandalism, Amount Paid: 1729.34, Fault: No Claim, Adjuster: Joseph Pearson, Damage: Front bumper dent, Repair Cost: 1439.6, Garage: Wilson-Murphy.",2024 BMW F-150
What was the claim type filed by Tyler Jones?,"Policyholder Name: Tyler Jones, DOB: 1947-02-16, License: Q6482652, Address: 585 Joseph Points Suite 061, Brettmouth, NS S9M2M1. Vehicle: 2024 BMW F-150, VIN: 4359d0da-a6ca-422. Insurance Company: Desjardins, Policy Number: QC-75138535. Claim Date: 2020-01-04, Claim Type: Vandalism, Amount Paid: 1729.34, Fault: No Claim, Adjuster: Joseph Pearson, Damage: Front bumper dent, Repair Cost: 1439.6, Garage: Wilson-Murphy.",Vandalism
What is the policy number for Geoffrey Rodgers?,"Policyholder Name: Geoffrey Rodgers, DOB: 1959-06-02, License: Q9058494, Address: 792 Stephanie Loop, Edwardsland, MB E1G 1T3. Vehicle: 2022 Chevrolet Civic, VIN: 35840823-0d7c-4cd. Insurance Company: Québec Auto Insurance Corp, Policy Number: QC-13019470. Claim Date: 2021-03-09, Claim Type: Theft, Amount Paid: 7599.24, Fault: At-Fault, Adjuster: Heidi Costa, Damage: Windshield crack, Repair Cost: 3819.68, Garage: Barker-Avila.",QC-13019470
What vehicle is insured by Geoffrey Rodgers?,"Policyholder Name: Geoffrey Rodgers, DOB: 1959-06-02, License: Q9058494, Address: 792 Stephanie Loop, Edwardsland, MB E1G 1T3. Vehicle: 2022 Chevrolet Civic, VIN: 35840823-0d7c-4cd. Insurance Company: Québec Auto Insurance Corp, Policy Number: QC-13019470. Claim Date: 2021-03-09, Claim Type: Theft, Amount Paid: 7599.24, Fault: At-Fault, Adjuster: Heidi Costa, Damage: Windshield crack, Repair Cost: 3819.68, Garage: Barker-Avila.",2022 Chevrolet Civic
What was the claim type filed by Geoffrey Rodgers?,"Policyholder Name: Geoffrey Rodgers, DOB: 1959-06-02, License: Q9058494, Address: 792 Stephanie Loop, Edwardsland, MB E1G 1T3. Vehicle: 2022 Chevrolet Civic, VIN: 35840823-0d7c-4cd. Insurance Company: Québec Auto Insurance Corp, Policy Number: QC-13019470. Claim Date: 2021-03-09, Claim Type: Theft, Amount Paid: 7599.24, Fault: At-Fault, Adjuster: Heidi Costa, Damage: Windshield crack, Repair Cost: 3819.68, Garage: Barker-Avila.",Theft
What is the policy number for Anne Miller?,"Policyholder Name: Anne Miller, DOB: 1997-02-03, License: Q4455205, Address: 7470 Grant Wells, Jamestown, ON C7J7J6. Vehicle: 2017 Ford Malibu, VIN: 73e6496a-022a-4f3. Insurance Company: Intact Insurance, Policy Number: QC-54190514. Claim Date: 2022-01-26, Claim Type: Vandalism, Amount Paid: 11872.72, Fault: No Claim, Adjuster: Annette Cunningham, Damage: Windshield crack, Repair Cost: 2974.12, Garage: Curry-Owens.",QC-54190514
What vehicle is insured by Anne Miller?,"Policyholder Name: Anne Miller, DOB: 1997-02-03, License: Q4455205, Address: 7470 Grant Wells, Jamestown, ON C7J7J6. Vehicle: 2017 Ford Malibu, VIN: 73e6496a-022a-4f3. Insurance Company: Intact Insurance, Policy Number: QC-54190514. Claim Date: 2022-01-26, Claim Type: Vandalism, Amount Paid: 11872.72, Fault: No Claim, Adjuster: Annette Cunningham, Damage: Windshield crack, Repair Cost: 2974.12, Garage: Curry-Owens.",2017 Ford Malibu
What was the claim type filed by Anne Miller?,"Policyholder Name: Anne Miller, DOB: 1997-02-03, License: Q4455205, Address: 7470 Grant Wells, Jamestown, ON C7J7J6. Vehicle: 2017 Ford Malibu, VIN: 73e6496a-022a-4f3. Insurance Company: Intact Insurance, Policy Number: QC-54190514. Claim Date: 2022-01-26, Claim Type: Vandalism, Amount Paid: 11872.72, Fault: No Claim, Adjuster: Annette Cunningham, Damage: Windshield crack, Repair Cost: 2974.12, Garage: Curry-Owens.",Vandalism
What is the policy number for Joshua Moreno?,"Policyholder Name: Joshua Moreno, DOB: 1993-04-20, License: Q1050677, Address: 367 Taylor Mission, Lake Edward, NL J6B5E8. Vehicle: 2020 Toyota Civic, VIN: c35dc1fd-49df-466. Insurance Company: Desjardins, Policy Number: QC-41749678. Claim Date: 2021-09-28, Claim Type: None, Amount Paid: 3104.83, Fault: Not-At-Fault, Adjuster: Brian Ashley, Damage: Front bumper dent, Repair Cost: 1657.79, Garage: Park, Golden and Miller.",QC-41749678
What vehicle is insured by Joshua Moreno?,"Policyholder Name: Joshua Moreno, DOB: 1993-04-20, License: Q1050677, Address: 367 Taylor Mission, Lake Edward, NL J6B5E8. Vehicle: 2020 Toyota Civic, VIN: c35dc1fd-49df-466. Insurance Company: Desjardins, Policy Number: QC-41749678. Claim Date: 2021-09-28, Claim Type: None, Amount Paid: 3104.83, Fault: Not-At-Fault, Adjuster: Brian Ashley, Damage: Front bumper dent, Repair Cost: 1657.79, Garage: Park, Golden and Miller.",2020 Toyota Civic
What was the claim type filed by Joshua Moreno?,"Policyholder Name: Joshua Moreno, DOB: 1993-04-20, License: Q1050677, Address: 367 Taylor Mission, Lake Edward, NL J6B5E8. Vehicle: 2020 Toyota Civic, VIN: c35dc1fd-49df-466. Insurance Company: Desjardins, Policy Number: QC-41749678. Claim Date: 2021-09-28, Claim Type: None, Amount Paid: 3104.83, Fault: Not-At-Fault, Adjuster: Brian Ashley, Damage: Front bumper dent, Repair Cost: 1657.79, Garage: Park, Golden and Miller.",None
What is the policy number for Curtis Green?,"Policyholder Name: Curtis Green, DOB: 1953-03-02, License: Q9695600, Address: 7122 Morton Stravenue, Jonathanport, AB R6E9K8. Vehicle: 2021 Chevrolet F-150, VIN: 5097f8fd-533c-453. Insurance Company: Desjardins, Policy Number: QC-19786431. Claim Date: 2022-09-28, Claim Type: None, Amount Paid: 14044.68, Fault: Not-At-Fault, Adjuster: Karen Ballard, Damage: Front bumper dent, Repair Cost: 1408.24, Garage: Sanchez-Haley.",QC-19786431
What vehicle is insured by Curtis Green?,"Policyholder Name: Curtis Green, DOB: 1953-03-02, License: Q9695600, Address: 7122 Morton Stravenue, Jonathanport, AB R6E9K8. Vehicle: 2021 Chevrolet F-150, VIN: 5097f8fd-533c-453. Insurance Company: Desjardins, Policy Number: QC-19786431. Claim Date: 2022-09-28, Claim Type: None, Amount Paid: 14044.68, Fault: Not-At-Fault, Adjuster: Karen Ballard, Damage: Front bumper dent, Repair Cost: 1408.24, Garage: Sanchez-Haley.",2021 Chevrolet F-150
What was the claim type filed by Curtis Green?,"Policyholder Name: Curtis Green, DOB: 1953-03-02, License: Q9695600, Address: 7122 Morton Stravenue, Jonathanport, AB R6E9K8. Vehicle: 2021 Chevrolet F-150, VIN: 5097f8fd-533c-453. Insurance Company: Desjardins, Policy Number: QC-19786431. Claim Date: 2022-09-28, Claim Type: None, Amount Paid: 14044.68, Fault: Not-At-Fault, Adjuster: Karen Ballard, Damage: Front bumper dent, Repair Cost: 1408.24, Garage: Sanchez-Haley.",None
What is the policy number for Kurt Lee?,"Policyholder Name: Kurt Lee, DOB: 1965-05-05, License: Q1113449, Address: 60138 David Meadows Apt. 227, Butlerburgh, AB P8S 6L5. Vehicle: 2014 Toyota Malibu, VIN: 25dff487-b531-49e. Insurance Company: Desjardins, Policy Number: QC-83657835. Claim Date: 2023-04-27, Claim Type: None, Amount Paid: 6042.8, Fault: Not-At-Fault, Adjuster: Gabriel Thomas, Damage: None, Repair Cost: 1251.71, Garage: Potter LLC.",QC-83657835
What vehicle is insured by Kurt Lee?,"Policyholder Name: Kurt Lee, DOB: 1965-05-05, License: Q1113449, Address: 60138 David Meadows Apt. 227, Butlerburgh, AB P8S 6L5. Vehicle: 2014 Toyota Malibu, VIN: 25dff487-b531-49e. Insurance Company: Desjardins, Policy Number: QC-83657835. Claim Date: 2023-04-27, Claim Type: None, Amount Paid: 6042.8, Fault: Not-At-Fault, Adjuster: Gabriel Thomas, Damage: None, Repair Cost: 1251.71, Garage: Potter LLC.",2014 Toyota Malibu
What was the claim type filed by Kurt Lee?,"Policyholder Name: Kurt Lee, DOB: 1965-05-05, License: Q1113449, Address: 60138 David Meadows Apt. 227, Butlerburgh, AB P8S 6L5. Vehicle: 2014 Toyota Malibu, VIN: 25dff487-b531-49e. Insurance Company: Desjardins, Policy Number: QC-83657835. Claim Date: 2023-04-27, Claim Type: None, Amount Paid: 6042.8, Fault: Not-At-Fault, Adjuster: Gabriel Thomas, Damage: None, Repair Cost: 1251.71, Garage: Potter LLC.",None
What is the policy number for Jillian Gentry?,"Policyholder Name: Jillian Gentry, DOB: 1998-05-19, License: Q9326948, Address: 7241 Smith Rapids, New Leahland, PE P8L 5X3. Vehicle: 2007 Honda Malibu, VIN: 768c053f-a5c5-455. Insurance Company: Intact Insurance, Policy Number: QC-45519660. Claim Date: 2021-07-20, Claim Type: Collision, Amount Paid: 14014.4, Fault: Not-At-Fault, Adjuster: Margaret Williams, Damage: Front bumper dent, Repair Cost: 3761.87, Garage: Brooks-Olson.",QC-45519660
What vehicle is insured by Jillian Gentry?,"Policyholder Name: Jillian Gentry, DOB: 1998-05-19, License: Q9326948, Address: 7241 Smith Rapids, New Leahland, PE P8L 5X3. Vehicle: 2007 Honda Malibu, VIN: 768c053f-a5c5-455. Insurance Company: Intact Insurance, Policy Number: QC-45519660. Claim Date: 2021-07-20, Claim Type: Collision, Amount Paid: 14014.4, Fault: Not-At-Fault, Adjuster: Margaret Williams, Damage: Front bumper dent, Repair Cost: 3761.87, Garage: Brooks-Olson.",2007 Honda Malibu
What was the claim type filed by Jillian Gentry?,"Policyholder Name: Jillian Gentry, DOB: 1998-05-19, License: Q9326948, Address: 7241 Smith Rapids, New Leahland, PE P8L 5X3. Vehicle: 2007 Honda Malibu, VIN: 768c053f-a5c5-455. Insurance Company: Intact Insurance, Policy Number: QC-45519660. Claim Date: 2021-07-20, Claim Type: Collision, Amount Paid: 14014.4, Fault: Not-At-Fault, Adjuster: Margaret Williams, Damage: Front bumper dent, Repair Cost: 3761.87, Garage: Brooks-Olson.",Collision
What is the policy number for Hunter Schmidt?,"Policyholder Name: Hunter Schmidt, DOB: 1995-12-03, License: Q4801331, Address: 2132 Christopher Wells, Annburgh, AB E1A6K8. Vehicle: 2011 Chevrolet Camry, VIN: 8517c987-f8bf-406. Insurance Company: Québec Auto Insurance Corp, Policy Number: QC-10766697. Claim Date: 2024-02-27, Claim Type: Vandalism, Amount Paid: 10466.66, Fault: No Claim, Adjuster: Brian Clark, Damage: Windshield crack, Repair Cost: 3416.11, Garage: Schultz, Morton and Anderson.",QC-10766697
What vehicle is insured by Hunter Schmidt?,"Policyholder Name: Hunter Schmidt, DOB: 1995-12-03, License: Q4801331, Address: 2132 Christopher Wells, Annburgh, AB E1A6K8. Vehicle: 2011 Chevrolet Camry, VIN: 8517c987-f8bf-406. Insurance Company: Québec Auto Insurance Corp, Policy Number: QC-10766697. Claim Date: 2024-02-27, Claim Type: Vandalism, Amount Paid: 10466.66, Fault: No Claim, Adjuster: Brian Clark, Damage: Windshield crack, Repair Cost: 3416.11, Garage: Schultz, Morton and Anderson.",2011 Chevrolet Camry
What was the claim type filed by Hunter Schmidt?,"Policyholder Name: Hunter Schmidt, DOB: 1995-12-03, License: Q4801331, Address: 2132 Christopher Wells, Annburgh, AB E1A6K8. Vehicle: 2011 Chevrolet Camry, VIN: 8517c987-f8bf-406. Insurance Company: Québec Auto Insurance Corp, Policy Number: QC-10766697. Claim Date: 2024-02-27, Claim Type: Vandalism, Amount Paid: 10466.66, Fault: No Claim, Adjuster: Brian Clark, Damage: Windshield crack, Repair Cost: 3416.11, Garage: Schultz, Morton and Anderson.",Vandalism
What is the policy number for Sarah Williams?,"Policyholder Name: Sarah Williams, DOB: 1953-07-17, License: Q8260368, Address: 12214 Justin Harbors Suite 881, East Lawrence, AB R7A5Y6. Vehicle: 2024 Ford Camry, VIN: 22b93504-78f1-4c8. Insurance Company: Québec Auto Insurance Corp, Policy Number: QC-26906050. Claim Date: 2021-03-03, Claim Type: Vandalism, Amount Paid: 12104.13, Fault: No Claim, Adjuster: Jennifer Martin, Damage: Front bumper dent, Repair Cost: 340.73, Garage: Wong and Sons.",QC-26906050
What vehicle is insured by Sarah Williams?,"Policyholder Name: Sarah Williams, DOB: 1953-07-17, License: Q8260368, Address: 12214 Justin Harbors Suite 881, East Lawrence, AB R7A5Y6. Vehicle: 2024 Ford Camry, VIN: 22b93504-78f1-4c8. Insurance Company: Québec Auto Insurance Corp, Policy Number: QC-26906050. Claim Date: 2021-03-03, Claim Type: Vandalism, Amount Paid: 12104.13, Fault: No Claim, Adjuster: Jennifer Martin, Damage: Front bumper dent, Repair Cost: 340.73, Garage: Wong and Sons.",2024 Ford Camry
What was the claim type filed by Sarah Williams?,"Policyholder Name: Sarah Williams, DOB: 1953-07-17, License: Q8260368, Address: 12214 Justin Harbors Suite 881, East Lawrence, AB R7A5Y6. Vehicle: 2024 Ford Camry, VIN: 22b93504-78f1-4c8. Insurance Company: Québec Auto Insurance Corp, Policy Number: QC-26906050. Claim Date: 2021-03-03, Claim Type: Vandalism, Amount Paid: 12104.13, Fault: No Claim, Adjuster: Jennifer Martin, Damage: Front bumper dent, Repair Cost: 340.73, Garage: Wong and Sons.",Vandalism
What is the policy number for Ann Winters?,"Policyholder Name: Ann Winters, DOB: 1985-02-17, License: Q3176893, Address: 44643 Long Estates Suite 096, Jamiemouth, YT V6R4H9. Vehicle: 2022 Chevrolet F-150, VIN: fbc84aad-6010-43e. Insurance Company: Québec Auto Insurance Corp, Policy Number: QC-10767878. Claim Date: 2022-06-01, Claim Type: Vandalism, Amount Paid: 14597.12, Fault: Not-At-Fault, Adjuster: Gregory Coleman, Damage: Front bumper dent, Repair Cost: 3183.1, Garage: Barron, Sanchez and Clark.",QC-10767878
What vehicle is insured by Ann Winters?,"Policyholder Name: Ann Winters, DOB: 1985-02-17, License: Q3176893, Address: 44643 Long Estates Suite 096, Jamiemouth, YT V6R4H9. Vehicle: 2022 Chevrolet F-150, VIN: fbc84aad-6010-43e. Insurance Company: Québec Auto Insurance Corp, Policy Number: QC-10767878. Claim Date: 2022-06-01, Claim Type: Vandalism, Amount Paid: 14597.12, Fault: Not-At-Fault, Adjuster: Gregory Coleman, Damage: Front bumper dent, Repair Cost: 3183.1, Garage: Barron, Sanchez and Clark.",2022 Chevrolet F-150
What was the claim type filed by Ann Winters?,"Policyholder Name: Ann Winters, DOB: 1985-02-17, License: Q3176893, Address: 44643 Long Estates Suite 096, Jamiemouth, YT V6R4H9. Vehicle: 2022 Chevrolet F-150, VIN: fbc84aad-6010-43e. Insurance Company: Québec Auto Insurance Corp, Policy Number: QC-10767878. Claim Date: 2022-06-01, Claim Type: Vandalism, Amount Paid: 14597.12, Fault: Not-At-Fault, Adjuster: Gregory Coleman, Damage: Front bumper dent, Repair Cost: 3183.1, Garage: Barron, Sanchez and Clark.",Vandalism
What is the policy number for Debra Reed?,"Policyholder Name: Debra Reed, DOB: 1969-06-29, License: Q8751013, Address: 54725 Maria Trail, Cherylport, NT R2H6J8. Vehicle: 2011 Toyota Camry, VIN: d5efd6e7-5be1-41f. Insurance Company: Intact Insurance, Policy Number: QC-33413764. Claim Date: 2020-02-02, Claim Type: Theft, Amount Paid: 3702.09, Fault: No Claim, Adjuster: Jason Greer, Damage: Windshield crack, Repair Cost: 654.61, Garage: Brown, Daniel and Walter.",QC-33413764
What vehicle is insured by Debra Reed?,"Policyholder Name: Debra Reed, DOB: 1969-06-29, License: Q8751013, Address: 54725 Maria Trail, Cherylport, NT R2H6J8. Vehicle: 2011 Toyota Camry, VIN: d5efd6e7-5be1-41f. Insurance Company: Intact Insurance, Policy Number: QC-33413764. Claim Date: 2020-02-02, Claim Type: Theft, Amount Paid: 3702.09, Fault: No Claim, Adjuster: Jason Greer, Damage: Windshield crack, Repair Cost: 654.61, Garage: Brown, Daniel and Walter.",2011 Toyota Camry
What was the claim type filed by Debra Reed?,"Policyholder Name: Debra Reed, DOB: 1969-06-29, License: Q8751013, Address: 54725 Maria Trail, Cherylport, NT R2H6J8. Vehicle: 2011 Toyota Camry, VIN: d5efd6e7-5be1-41f. Insurance Company: Intact Insurance, Policy Number: QC-33413764. Claim Date: 2020-02-02, Claim Type: Theft, Amount Paid: 3702.09, Fault: No Claim, Adjuster: Jason Greer, Damage: Windshield crack, Repair Cost: 654.61, Garage: Brown, Daniel and Walter.",Theft
What is the policy number for Amy Brown?,"Policyholder Name: Amy Brown, DOB: 1950-02-09, License: Q6093056, Address: 33121 Martin Parkway Suite 208, Bethburgh, AB B2K5E5. Vehicle: 2016 Honda Malibu, VIN: b60d1420-22a5-455. Insurance Company: Intact Insurance, Policy Number: QC-67798605. Claim Date: 2023-09-09, Claim Type: Theft, Amount Paid: 488.71, Fault: No Claim, Adjuster: Douglas Williams, Damage: None, Repair Cost: 3031.91, Garage: Li-Pearson.",QC-67798605
What vehicle is insured by Amy Brown?,"Policyholder Name: Amy Brown, DOB: 1950-02-09, License: Q6093056, Address: 33121 Martin Parkway Suite 208, Bethburgh, AB B2K5E5. Vehicle: 2016 Honda Malibu, VIN: b60d1420-22a5-455. Insurance Company: Intact Insurance, Policy Number: QC-67798605. Claim Date: 2023-09-09, Claim Type: Theft, Amount Paid: 488.71, Fault: No Claim, Adjuster: Douglas Williams, Damage: None, Repair Cost: 3031.91, Garage: Li-Pearson.",2016 Honda Malibu
What was the claim type filed by Amy Brown?,"Policyholder Name: Amy Brown, DOB: 1950-02-09, License: Q6093056, Address: 33121 Martin Parkway Suite 208, Bethburgh, AB B2K5E5. Vehicle: 2016 Honda Malibu, VIN: b60d1420-22a5-455. Insurance Company: Intact Insurance, Policy Number: QC-67798605. Claim Date: 2023-09-09, Claim Type: Theft, Amount Paid: 488.71, Fault: No Claim, Adjuster: Douglas Williams, Damage: None, Repair Cost: 3031.91, Garage: Li-Pearson.",Theft
What is the policy number for Colton James?,"Policyholder Name: Colton James, DOB: 2001-04-30, License: Q2544281, Address: 3343 Gonzalez Falls, Lake Jessica, PE V2A 8A3. Vehicle: 2014 BMW Camry, VIN: 99704c5d-8842-447. Insurance Company: Québec Auto Insurance Corp, Policy Number: QC-22697208. Claim Date: 2021-06-25, Claim Type: None, Amount Paid: 7449.89, Fault: No Claim, Adjuster: Lucas Ortiz, Damage: Total loss, Repair Cost: 4352.04, Garage: Reeves Inc.",QC-22697208
What vehicle is insured by Colton James?,"Policyholder Name: Colton James, DOB: 2001-04-30, License: Q2544281, Address: 3343 Gonzalez Falls, Lake Jessica, PE V2A 8A3. Vehicle: 2014 BMW Camry, VIN: 99704c5d-8842-447. Insurance Company: Québec Auto Insurance Corp, Policy Number: QC-22697208. Claim Date: 2021-06-25, Claim Type: None, Amount Paid: 7449.89, Fault: No Claim, Adjuster: Lucas Ortiz, Damage: Total loss, Repair Cost: 4352.04, Garage: Reeves Inc.",2014 BMW Camry
What was the claim type filed by Colton James?,"Policyholder Name: Colton James, DOB: 2001-04-30, License: Q2544281, Address: 3343 Gonzalez Falls, Lake Jessica, PE V2A 8A3. Vehicle: 2014 BMW Camry, VIN: 99704c5d-8842-447. Insurance Company: Québec Auto Insurance Corp, Policy Number: QC-22697208. Claim Date: 2021-06-25, Claim Type: None, Amount Paid: 7449.89, Fault: No Claim, Adjuster: Lucas Ortiz, Damage: Total loss, Repair Cost: 4352.04, Garage: Reeves Inc.",None
What is the policy number for Ashley Meyer?,"Policyholder Name: Ashley Meyer, DOB: 1948-12-24, License: Q7194643, Address: 14373 Megan Union Apt. 294, Bradfordbury, NT V6V 1P5. Vehicle: 2013 BMW Civic, VIN: 90ecec73-f523-4f2. Insurance Company: Intact Insurance, Policy Number: QC-45880891. Claim Date: 2021-08-29, Claim Type: Vandalism, Amount Paid: 4172.22, Fault: No Claim, Adjuster: Edward Bauer, Damage: None, Repair Cost: 4829.55, Garage: Perry PLC.",QC-45880891
What vehicle is insured by Ashley Meyer?,"Policyholder Name: Ashley Meyer, DOB: 1948-12-24, License: Q7194643, Address: 14373 Megan Union Apt. 294, Bradfordbury, NT V6V 1P5. Vehicle: 2013 BMW Civic, VIN: 90ecec73-f523-4f2. Insurance Company: Intact Insurance, Policy Number: QC-45880891. Claim Date: 2021-08-29, Claim Type: Vandalism, Amount Paid: 4172.22, Fault: No Claim, Adjuster: Edward Bauer, Damage: None, Repair Cost: 4829.55, Garage: Perry PLC.",2013 BMW Civic
What was the claim type filed by Ashley Meyer?,"Policyholder Name: Ashley Meyer, DOB: 1948-12-24, License: Q7194643, Address: 14373 Megan Union Apt. 294, Bradfordbury, NT V6V 1P5. Vehicle: 2013 BMW Civic, VIN: 90ecec73-f523-4f2. Insurance Company: Intact Insurance, Policy Number: QC-45880891. Claim Date: 2021-08-29, Claim Type: Vandalism, Amount Paid: 4172.22, Fault: No Claim, Adjuster: Edward Bauer, Damage: None, Repair Cost: 4829.55, Garage: Perry PLC.",Vandalism
What is the policy number for Samuel Johnson?,"Policyholder Name: Samuel Johnson, DOB: 1980-11-01, License: Q8430784, Address: 06831 Kristen Glens Suite 034, Bradmouth, QC M5N 7T3. Vehicle: 2013 Toyota F-150, VIN: 71356918-f272-4a1. Insurance Company: Desjardins, Policy Number: QC-26830762. Claim Date: 2024-05-15, Claim Type: Vandalism, Amount Paid: 643.55, Fault: Not-At-Fault, Adjuster: Thomas Buckley, Damage: Front bumper dent, Repair Cost: 2952.51, Garage: Silva-Hughes.",QC-26830762
What vehicle is insured by Samuel Johnson?,"Policyholder Name: Samuel Johnson, DOB: 1980-11-01, License: Q8430784, Address: 06831 Kristen Glens Suite 034, Bradmouth, QC M5N 7T3. Vehicle: 2013 Toyota F-150, VIN: 71356918-f272-4a1. Insurance Company: Desjardins, Policy Number: QC-26830762. Claim Date: 2024-05-15, Claim Type: Vandalism, Amount Paid: 643.55, Fault: Not-At-Fault, Adjuster: Thomas Buckley, Damage: Front bumper dent, Repair Cost: 2952.51, Garage: Silva-Hughes.",2013 Toyota F-150
What was the claim type filed by Samuel Johnson?,"Policyholder Name: Samuel Johnson, DOB: 1980-11-01, License: Q8430784, Address: 06831 Kristen Glens Suite 034, Bradmouth, QC M5N 7T3. Vehicle: 2013 Toyota F-150, VIN: 71356918-f272-4a1. Insurance Company: Desjardins, Policy Number: QC-26830762. Claim Date: 2024-05-15, Claim Type: Vandalism, Amount Paid: 643.55, Fault: Not-At-Fault, Adjuster: Thomas Buckley, Damage: Front bumper dent, Repair Cost: 2952.51, Garage: Silva-Hughes.",Vandalism
What is the policy number for Edward Roberts?,"Policyholder Name: Edward Roberts, DOB: 2000-08-07, License: Q3354248, Address: 8659 Braun Turnpike Apt. 511, Craigtown, NS X2V 5J3. Vehicle: 2022 BMW X5, VIN: 18c4e045-7b2b-458. Insurance Company: Québec Auto Insurance Corp, Policy Number: QC-17077630. Claim Date: 2020-05-29, Claim Type: None, Amount Paid: 6123.45, Fault: No Claim, Adjuster: Rachel Taylor, Damage: Total loss, Repair Cost: 906.21, Garage: Herrera, Ross and Schneider.",QC-17077630
What vehicle is insured by Edward Roberts?,"Policyholder Name: Edward Roberts, DOB: 2000-08-07, License: Q3354248, Address: 8659 Braun Turnpike Apt. 511, Craigtown, NS X2V 5J3. Vehicle: 2022 BMW X5, VIN: 18c4e045-7b2b-458. Insurance Company: Québec Auto Insurance Corp, Policy Number: QC-17077630. Claim Date: 2020-05-29, Claim Type: None, Amount Paid: 6123.45, Fault: No Claim, Adjuster: Rachel Taylor, Damage: Total loss, Repair Cost: 906.21, Garage: Herrera, Ross and Schneider.",2022 BMW X5
What was the claim type filed by Edward Roberts?,"Policyholder Name: Edward Roberts, DOB: 2000-08-07, License: Q3354248, Address: 8659 Braun Turnpike Apt. 511, Craigtown, NS X2V 5J3. Vehicle: 2022 BMW X5, VIN: 18c4e045-7b2b-458. Insurance Company: Québec Auto Insurance Corp, Policy Number: QC-17077630. Claim Date: 2020-05-29, Claim Type: None, Amount Paid: 6123.45, Fault: No Claim, Adjuster: Rachel Taylor, Damage: Total loss, Repair Cost: 906.21, Garage: Herrera, Ross and Schneider.",None
What is the policy number for John Hall?,"Policyholder Name: John Hall, DOB: 1947-10-05, License: Q1255329, Address: 4331 Mckay Ridge Suite 329, Kathleenport, PE S7R5E5. Vehicle: 2023 Chevrolet Civic, VIN: bdd6d306-592f-461. Insurance Company: Intact Insurance, Policy Number: QC-37697415. Claim Date: 2024-07-18, Claim Type: Vandalism, Amount Paid: 12247.13, Fault: At-Fault, Adjuster: Daniel Carter Jr., Damage: Windshield crack, Repair Cost: 3397.41, Garage: Jones, Blanchard and Scott.",QC-37697415
What vehicle is insured by John Hall?,"Policyholder Name: John Hall, DOB: 1947-10-05, License: Q1255329, Address: 4331 Mckay Ridge Suite 329, Kathleenport, PE S7R5E5. Vehicle: 2023 Chevrolet Civic, VIN: bdd6d306-592f-461. Insurance Company: Intact Insurance, Policy Number: QC-37697415. Claim Date: 2024-07-18, Claim Type: Vandalism, Amount Paid: 12247.13, Fault: At-Fault, Adjuster: Daniel Carter Jr., Damage: Windshield crack, Repair Cost: 3397.41, Garage: Jones, Blanchard and Scott.",2023 Chevrolet Civic
What was the claim type filed by John Hall?,"Policyholder Name: John Hall, DOB: 1947-10-05, License: Q1255329, Address: 4331 Mckay Ridge Suite 329, Kathleenport, PE S7R5E5. Vehicle: 2023 Chevrolet Civic, VIN: bdd6d306-592f-461. Insurance Company: Intact Insurance, Policy Number: QC-37697415. Claim Date: 2024-07-18, Claim Type: Vandalism, Amount Paid: 12247.13, Fault: At-Fault, Adjuster: Daniel Carter Jr., Damage: Windshield crack, Repair Cost: 3397.41, Garage: Jones, Blanchard and Scott.",Vandalism
What is the policy number for Heidi Sims?,"Policyholder Name: Heidi Sims, DOB: 2001-04-22, License: Q8834139, Address: 18655 Skinner Mission Apt. 941, Jonathanmouth, NL S9G 6E5. Vehicle: 2016 Toyota X5, VIN: 5cb40cfb-cc01-43f. Insurance Company: Intact Insurance, Policy Number: QC-70995719. Claim Date: 2021-08-06, Claim Type: Theft, Amount Paid: 6626.03, Fault: At-Fault, Adjuster: Erika Parsons, Damage: None, Repair Cost: 3397.57, Garage: Hudson Inc.",QC-70995719
What vehicle is insured by Heidi Sims?,"Policyholder Name: Heidi Sims, DOB: 2001-04-22, License: Q8834139, Address: 18655 Skinner Mission Apt. 941, Jonathanmouth, NL S9G 6E5. Vehicle: 2016 Toyota X5, VIN: 5cb40cfb-cc01-43f. Insurance Company: Intact Insurance, Policy Number: QC-70995719. Claim Date: 2021-08-06, Claim Type: Theft, Amount Paid: 6626.03, Fault: At-Fault, Adjuster: Erika Parsons, Damage: None, Repair Cost: 3397.57, Garage: Hudson Inc.",2016 Toyota X5
What was the claim type filed by Heidi Sims?,"Policyholder Name: Heidi Sims, DOB: 2001-04-22, License: Q8834139, Address: 18655 Skinner Mission Apt. 941, Jonathanmouth, NL S9G 6E5. Vehicle: 2016 Toyota X5, VIN: 5cb40cfb-cc01-43f. Insurance Company: Intact Insurance, Policy Number: QC-70995719. Claim Date: 2021-08-06, Claim Type: Theft, Amount Paid: 6626.03, Fault: At-Fault, Adjuster: Erika Parsons, Damage: None, Repair Cost: 3397.57, Garage: Hudson Inc.",Theft
What is the policy number for Patricia Wheeler?,"Policyholder Name: Patricia Wheeler, DOB: 1968-09-05, License: Q6916675, Address: 05855 Mcguire Squares, Staffordfort, NS H4B6E4. Vehicle: 2012 Honda Malibu, VIN: 01ad9558-5da8-4e3. Insurance Company: Québec Auto Insurance Corp, Policy Number: QC-24457303. Claim Date: 2020-03-14, Claim Type: Theft, Amount Paid: 10914.69, Fault: No Claim, Adjuster: Mark Johnson, Damage: Front bumper dent, Repair Cost: 947.28, Garage: Johnson, Johnson and Moore.",QC-24457303
What vehicle is insured by Patricia Wheeler?,"Policyholder Name: Patricia Wheeler, DOB: 1968-09-05, License: Q6916675, Address: 05855 Mcguire Squares, Staffordfort, NS H4B6E4. Vehicle: 2012 Honda Malibu, VIN: 01ad9558-5da8-4e3. Insurance Company: Québec Auto Insurance Corp, Policy Number: QC-24457303. Claim Date: 2020-03-14, Claim Type: Theft, Amount Paid: 10914.69, Fault: No Claim, Adjuster: Mark Johnson, Damage: Front bumper dent, Repair Cost: 947.28, Garage: Johnson, Johnson and Moore.",2012 Honda Malibu
What was the claim type filed by Patricia Wheeler?,"Policyholder Name: Patricia Wheeler, DOB: 1968-09-05, License: Q6916675, Address: 05855 Mcguire Squares, Staffordfort, NS H4B6E4. Vehicle: 2012 Honda Malibu, VIN: 01ad9558-5da8-4e3. Insurance Company: Québec Auto Insurance Corp, Policy Number: QC-24457303. Claim Date: 2020-03-14, Claim Type: Theft, Amount Paid: 10914.69, Fault: No Claim, Adjuster: Mark Johnson, Damage: Front bumper dent, Repair Cost: 947.28, Garage: Johnson, Johnson and Moore.",Theft
What is the policy number for Heidi Ibarra?,"Policyholder Name: Heidi Ibarra, DOB: 2000-09-29, License: Q6997642, Address: 88378 Hunt Groves Apt. 040, Lake Kendra, SK X3R 1B4. Vehicle: 2012 BMW Civic, VIN: a81c4b07-43b9-4f7. Insurance Company: Desjardins, Policy Number: QC-25112460. Claim Date: 2025-01-28, Claim Type: Vandalism, Amount Paid: 7715.45, Fault: At-Fault, Adjuster: Angela Smith, Damage: None, Repair Cost: 1894.52, Garage: Brown, Wilson and Richardson.",QC-25112460
What vehicle is insured by Heidi Ibarra?,"Policyholder Name: Heidi Ibarra, DOB: 2000-09-29, License: Q6997642, Address: 88378 Hunt Groves Apt. 040, Lake Kendra, SK X3R 1B4. Vehicle: 2012 BMW Civic, VIN: a81c4b07-43b9-4f7. Insurance Company: Desjardins, Policy Number: QC-25112460. Claim Date: 2025-01-28, Claim Type: Vandalism, Amount Paid: 7715.45, Fault: At-Fault, Adjuster: Angela Smith, Damage: None, Repair Cost: 1894.52, Garage: Brown, Wilson and Richardson.",2012 BMW Civic
What was the claim type filed by Heidi Ibarra?,"Policyholder Name: Heidi Ibarra, DOB: 2000-09-29, License: Q6997642, Address: 88378 Hunt Groves Apt. 040, Lake Kendra, SK X3R 1B4. Vehicle: 2012 BMW Civic, VIN: a81c4b07-43b9-4f7. Insurance Company: Desjardins, Policy Number: QC-25112460. Claim Date: 2025-01-28, Claim Type: Vandalism, Amount Paid: 7715.45, Fault: At-Fault, Adjuster: Angela Smith, Damage: None, Repair Cost: 1894.52, Garage: Brown, Wilson and Richardson.",Vandalism
What is the policy number for Donald Wheeler?,"Policyholder Name: Donald Wheeler, DOB: 1981-10-22, License: Q2046072, Address: 841 Taylor Flat Suite 299, Wangborough, ON A8B1K6. Vehicle: 2009 Chevrolet Camry, VIN: 9ff07196-8434-44e. Insurance Company: Intact Insurance, Policy Number: QC-34078866. Claim Date: 2020-09-12, Claim Type: Vandalism, Amount Paid: 13641.91, Fault: No Claim, Adjuster: Amanda Cline, Damage: None, Repair Cost: 2121.24, Garage: Downs Group.",QC-34078866
What vehicle is insured by Donald Wheeler?,"Policyholder Name: Donald Wheeler, DOB: 1981-10-22, License: Q2046072, Address: 841 Taylor Flat Suite 299, Wangborough, ON A8B1K6. Vehicle: 2009 Chevrolet Camry, VIN: 9ff07196-8434-44e. Insurance Company: Intact Insurance, Policy Number: QC-34078866. Claim Date: 2020-09-12, Claim Type: Vandalism, Amount Paid: 13641.91, Fault: No Claim, Adjuster: Amanda Cline, Damage: None, Repair Cost: 2121.24, Garage: Downs Group.",2009 Chevrolet Camry
What was the claim type filed by Donald Wheeler?,"Policyholder Name: Donald Wheeler, DOB: 1981-10-22, License: Q2046072, Address: 841 Taylor Flat Suite 299, Wangborough, ON A8B1K6. Vehicle: 2009 Chevrolet Camry, VIN: 9ff07196-8434-44e. Insurance Company: Intact Insurance, Policy Number: QC-34078866. Claim Date: 2020-09-12, Claim Type: Vandalism, Amount Paid: 13641.91, Fault: No Claim, Adjuster: Amanda Cline, Damage: None, Repair Cost: 2121.24, Garage: Downs Group.",Vandalism
What is the policy number for Amanda Robertson?,"Policyholder Name: Amanda Robertson, DOB: 1991-04-26, License: Q2846002, Address: 31731 Shane Creek, Bobbyfurt, AB T3C 9N8. Vehicle: 2016 Toyota F-150, VIN: 65f9662e-57af-441. Insurance Company: Québec Auto Insurance Corp, Policy Number: QC-31718766. Claim Date: 2021-11-21, Claim Type: Fire, Amount Paid: 4284.63, Fault: Not-At-Fault, Adjuster: Justin King, Damage: None, Repair Cost: 98.06, Garage: Robinson Group.",QC-31718766
What vehicle is insured by Amanda Robertson?,"Policyholder Name: Amanda Robertson, DOB: 1991-04-26, License: Q2846002, Address: 31731 Shane Creek, Bobbyfurt, AB T3C 9N8. Vehicle: 2016 Toyota F-150, VIN: 65f9662e-57af-441. Insurance Company: Québec Auto Insurance Corp, Policy Number: QC-31718766. Claim Date: 2021-11-21, Claim Type: Fire, Amount Paid: 4284.63, Fault: Not-At-Fault, Adjuster: Justin King, Damage: None, Repair Cost: 98.06, Garage: Robinson Group.",2016 Toyota F-150
What was the claim type filed by Amanda Robertson?,"Policyholder Name: Amanda Robertson, DOB: 1991-04-26, License: Q2846002, Address: 31731 Shane Creek, Bobbyfurt, AB T3C 9N8. Vehicle: 2016 Toyota F-150, VIN: 65f9662e-57af-441. Insurance Company: Québec Auto Insurance Corp, Policy Number: QC-31718766. Claim Date: 2021-11-21, Claim Type: Fire, Amount Paid: 4284.63, Fault: Not-At-Fault, Adjuster: Justin King, Damage: None, Repair Cost: 98.06, Garage: Robinson Group.",Fire
What is the policy number for Lisa Brown?,"Policyholder Name: Lisa Brown, DOB: 1971-01-11, License: Q6564004, Address: 71759 Hickman Circle, South Bradleyfurt, PE C3V4V9. Vehicle: 2022 Chevrolet F-150, VIN: 192b2ffd-cb42-4c2. Insurance Company: Intact Insurance, Policy Number: QC-57010700. Claim Date: 2024-09-10, Claim Type: Fire, Amount Paid: 1866.42, Fault: At-Fault, Adjuster: Michelle Anderson, Damage: Total loss, Repair Cost: 2123.63, Garage: Hall Group.",QC-57010700
What vehicle is insured by Lisa Brown?,"Policyholder Name: Lisa Brown, DOB: 1971-01-11, License: Q6564004, Address: 71759 Hickman Circle, South Bradleyfurt, PE C3V4V9. Vehicle: 2022 Chevrolet F-150, VIN: 192b2ffd-cb42-4c2. Insurance Company: Intact Insurance, Policy Number: QC-57010700. Claim Date: 2024-09-10, Claim Type: Fire, Amount Paid: 1866.42, Fault: At-Fault, Adjuster: Michelle Anderson, Damage: Total loss, Repair Cost: 2123.63, Garage: Hall Group.",2022 Chevrolet F-150
What was the claim type filed by Lisa Brown?,"Policyholder Name: Lisa Brown, DOB: 1971-01-11, License: Q6564004, Address: 71759 Hickman Circle, South Bradleyfurt, PE C3V4V9. Vehicle: 2022 Chevrolet F-150, VIN: 192b2ffd-cb42-4c2. Insurance Company: Intact Insurance, Policy Number: QC-57010700. Claim Date: 2024-09-10, Claim Type: Fire, Amount Paid: 1866.42, Fault: At-Fault, Adjuster: Michelle Anderson, Damage: Total loss, Repair Cost: 2123.63, Garage: Hall Group.",Fire
What is the policy number for Matthew Webster?,"Policyholder Name: Matthew Webster, DOB: 1996-04-10, License: Q2211856, Address: 906 Krystal Stream, Brandonchester, QC Y8M5H6. Vehicle: 2012 Honda X5, VIN: 143b98bd-7631-48e. Insurance Company: Québec Auto Insurance Corp, Policy Number: QC-91920022. Claim Date: 2023-08-17, Claim Type: Collision, Amount Paid: 9006.81, Fault: No Claim, Adjuster: Peter Hudson, Damage: Total loss, Repair Cost: 3043.29, Garage: Gonzalez Group.",QC-91920022
What vehicle is insured by Matthew Webster?,"Policyholder Name: Matthew Webster, DOB: 1996-04-10, License: Q2211856, Address: 906 Krystal Stream, Brandonchester, QC Y8M5H6. Vehicle: 2012 Honda X5, VIN: 143b98bd-7631-48e. Insurance Company: Québec Auto Insurance Corp, Policy Number: QC-91920022. Claim Date: 2023-08-17, Claim Type: Collision, Amount Paid: 9006.81, Fault: No Claim, Adjuster: Peter Hudson, Damage: Total loss, Repair Cost: 3043.29, Garage: Gonzalez Group.",2012 Honda X5
What was the claim type filed by Matthew Webster?,"Policyholder Name: Matthew Webster, DOB: 1996-04-10, License: Q2211856, Address: 906 Krystal Stream, Brandonchester, QC Y8M5H6. Vehicle: 2012 Honda X5, VIN: 143b98bd-7631-48e. Insurance Company: Québec Auto Insurance Corp, Policy Number: QC-91920022. Claim Date: 2023-08-17, Claim Type: Collision, Amount Paid: 9006.81, Fault: No Claim, Adjuster: Peter Hudson, Damage: Total loss, Repair Cost: 3043.29, Garage: Gonzalez Group.",Collision
What is the policy number for Chase Church?,"Policyholder Name: Chase Church, DOB: 2005-04-08, License: Q9005902, Address: 833 Williams Green Apt. 851, Shelleyfort, AB L8N3E2. Vehicle: 2010 Ford X5, VIN: e3945d97-7abe-42a. Insurance Company: Desjardins, Policy Number: QC-74035850. Claim Date: 2020-06-26, Claim Type: Theft, Amount Paid: 12714.86, Fault: No Claim, Adjuster: Richard Adams, Damage: None, Repair Cost: 3332.47, Garage: Decker, Stanley and Leblanc.",QC-74035850
What vehicle is insured by Chase Church?,"Policyholder Name: Chase Church, DOB: 2005-04-08, License: Q9005902, Address: 833 Williams Green Apt. 851, Shelleyfort, AB L8N3E2. Vehicle: 2010 Ford X5, VIN: e3945d97-7abe-42a. Insurance Company: Desjardins, Policy Number: QC-74035850. Claim Date: 2020-06-26, Claim Type: Theft, Amount Paid: 12714.86, Fault: No Claim, Adjuster: Richard Adams, Damage: None, Repair Cost: 3332.47, Garage: Decker, Stanley and Leblanc.",2010 Ford X5
What was the claim type filed by Chase Church?,"Policyholder Name: Chase Church, DOB: 2005-04-08, License: Q9005902, Address: 833 Williams Green Apt. 851, Shelleyfort, AB L8N3E2. Vehicle: 2010 Ford X5, VIN: e3945d97-7abe-42a. Insurance Company: Desjardins, Policy Number: QC-74035850. Claim Date: 2020-06-26, Claim Type: Theft, Amount Paid: 12714.86, Fault: No Claim, Adjuster: Richard Adams, Damage: None, Repair Cost: 3332.47, Garage: Decker, Stanley and Leblanc.",Theft
What is the policy number for Kyle Martinez?,"Policyholder Name: Kyle Martinez, DOB: 1948-04-02, License: Q9790228, Address: 65711 Rodriguez Lane, Kimberg, YT E7L 2G5. Vehicle: 2009 Chevrolet Civic, VIN: 7dc80111-d259-4ab. Insurance Company: Intact Insurance, Policy Number: QC-81737563. Claim Date: 2023-10-28, Claim Type: Vandalism, Amount Paid: 12709.6, Fault: Not-At-Fault, Adjuster: Lisa Vazquez, Damage: Windshield crack, Repair Cost: 3011.97, Garage: Williams-Moore.",QC-81737563
What vehicle is insured by Kyle Martinez?,"Policyholder Name: Kyle Martinez, DOB: 1948-04-02, License: Q9790228, Address: 65711 Rodriguez Lane, Kimberg, YT E7L 2G5. Vehicle: 2009 Chevrolet Civic, VIN: 7dc80111-d259-4ab. Insurance Company: Intact Insurance, Policy Number: QC-81737563. Claim Date: 2023-10-28, Claim Type: Vandalism, Amount Paid: 12709.6, Fault: Not-At-Fault, Adjuster: Lisa Vazquez, Damage: Windshield crack, Repair Cost: 3011.97, Garage: Williams-Moore.",2009 Chevrolet Civic
What was the claim type filed by Kyle Martinez?,"Policyholder Name: Kyle Martinez, DOB: 1948-04-02, License: Q9790228, Address: 65711 Rodriguez Lane, Kimberg, YT E7L 2G5. Vehicle: 2009 Chevrolet Civic, VIN: 7dc80111-d259-4ab. Insurance Company: Intact Insurance, Policy Number: QC-81737563. Claim Date: 2023-10-28, Claim Type: Vandalism, Amount Paid: 12709.6, Fault: Not-At-Fault, Adjuster: Lisa Vazquez, Damage: Windshield crack, Repair Cost: 3011.97, Garage: Williams-Moore.",Vandalism
What is the policy number for Christopher Pollard DDS?,"Policyholder Name: Christopher Pollard DDS, DOB: 1947-08-12, License: Q5002039, Address: 67704 Young Lights Apt. 183, North Don, AB E4P1L7. Vehicle: 2012 Chevrolet Malibu, VIN: 2e0ead50-5a2c-4ab. Insurance Company: Québec Auto Insurance Corp, Policy Number: QC-18512500. Claim Date: 2021-05-04, Claim Type: None, Amount Paid: 861.3, Fault: No Claim, Adjuster: Margaret Barnett, Damage: Windshield crack, Repair Cost: 4764.89, Garage: Byrd-Matthews.",QC-18512500
What vehicle is insured by Christopher Pollard DDS?,"Policyholder Name: Christopher Pollard DDS, DOB: 1947-08-12, License: Q5002039, Address: 67704 Young Lights Apt. 183, North Don, AB E4P1L7. Vehicle: 2012 Chevrolet Malibu, VIN: 2e0ead50-5a2c-4ab. Insurance Company: Québec Auto Insurance Corp, Policy Number: QC-18512500. Claim Date: 2021-05-04, Claim Type: None, Amount Paid: 861.3, Fault: No Claim, Adjuster: Margaret Barnett, Damage: Windshield crack, Repair Cost: 4764.89, Garage: Byrd-Matthews.",2012 Chevrolet Malibu
What was the claim type filed by Christopher Pollard DDS?,"Policyholder Name: Christopher Pollard DDS, DOB: 1947-08-12, License: Q5002039, Address: 67704 Young Lights Apt. 183, North Don, AB E4P1L7. Vehicle: 2012 Chevrolet Malibu, VIN: 2e0ead50-5a2c-4ab. Insurance Company: Québec Auto Insurance Corp, Policy Number: QC-18512500. Claim Date: 2021-05-04, Claim Type: None, Amount Paid: 861.3, Fault: No Claim, Adjuster: Margaret Barnett, Damage: Windshield crack, Repair Cost: 4764.89, Garage: Byrd-Matthews.",None
What is the policy number for Lisa Clarke?,"Policyholder Name: Lisa Clarke, DOB: 1982-09-12, License: Q9158649, Address: 745 Eric Roads, New Matthew, PE A6M 8H1. Vehicle: 2021 Ford X5, VIN: c4c3b65a-23f0-4eb. Insurance Company: Desjardins, Policy Number: QC-66843308. Claim Date: 2021-01-04, Claim Type: Fire, Amount Paid: 7423.5, Fault: At-Fault, Adjuster: Timothy Roy, Damage: Total loss, Repair Cost: 1516.19, Garage: Murphy Ltd.",QC-66843308
What vehicle is insured by Lisa Clarke?,"Policyholder Name: Lisa Clarke, DOB: 1982-09-12, License: Q9158649, Address: 745 Eric Roads, New Matthew, PE A6M 8H1. Vehicle: 2021 Ford X5, VIN: c4c3b65a-23f0-4eb. Insurance Company: Desjardins, Policy Number: QC-66843308. Claim Date: 2021-01-04, Claim Type: Fire, Amount Paid: 7423.5, Fault: At-Fault, Adjuster: Timothy Roy, Damage: Total loss, Repair Cost: 1516.19, Garage: Murphy Ltd.",2021 Ford X5
What was the claim type filed by Lisa Clarke?,"Policyholder Name: Lisa Clarke, DOB: 1982-09-12, License: Q9158649, Address: 745 Eric Roads, New Matthew, PE A6M 8H1. Vehicle: 2021 Ford X5, VIN: c4c3b65a-23f0-4eb. Insurance Company: Desjardins, Policy Number: QC-66843308. Claim Date: 2021-01-04, Claim Type: Fire, Amount Paid: 7423.5, Fault: At-Fault, Adjuster: Timothy Roy, Damage: Total loss, Repair Cost: 1516.19, Garage: Murphy Ltd.",Fire
What is the policy number for Justin Brown?,"Policyholder Name: Justin Brown, DOB: 1972-09-10, License: Q3054363, Address: 485 Andrea Rapids Suite 093, West Rodney, NS V8N7V7. Vehicle: 2021 Toyota Civic, VIN: 1285fd8d-e590-4e9. Insurance Company: Desjardins, Policy Number: QC-47487092. Claim Date: 2023-06-04, Claim Type: Fire, Amount Paid: 9415.98, Fault: Not-At-Fault, Adjuster: Carol Rodriguez, Damage: Total loss, Repair Cost: 1577.76, Garage: Stone, Jacobson and Myers.",QC-47487092
What vehicle is insured by Justin Brown?,"Policyholder Name: Justin Brown, DOB: 1972-09-10, License: Q3054363, Address: 485 Andrea Rapids Suite 093, West Rodney, NS V8N7V7. Vehicle: 2021 Toyota Civic, VIN: 1285fd8d-e590-4e9. Insurance Company: Desjardins, Policy Number: QC-47487092. Claim Date: 2023-06-04, Claim Type: Fire, Amount Paid: 9415.98, Fault: Not-At-Fault, Adjuster: Carol Rodriguez, Damage: Total loss, Repair Cost: 1577.76, Garage: Stone, Jacobson and Myers.",2021 Toyota Civic
What was the claim type filed by Justin Brown?,"Policyholder Name: Justin Brown, DOB: 1972-09-10, License: Q3054363, Address: 485 Andrea Rapids Suite 093, West Rodney, NS V8N7V7. Vehicle: 2021 Toyota Civic, VIN: 1285fd8d-e590-4e9. Insurance Company: Desjardins, Policy Number: QC-47487092. Claim Date: 2023-06-04, Claim Type: Fire, Amount Paid: 9415.98, Fault: Not-At-Fault, Adjuster: Carol Rodriguez, Damage: Total loss, Repair Cost: 1577.76, Garage: Stone, Jacobson and Myers.",Fire
What is the policy number for Rachael Payne?,"Policyholder Name: Rachael Payne, DOB: 1996-12-01, License: Q1618622, Address: 239 Andrew Divide, Averybury, BC N6V 1S7. Vehicle: 2023 Toyota Civic, VIN: 908b4e95-d167-433. Insurance Company: Intact Insurance, Policy Number: QC-64544128. Claim Date: 2020-10-09, Claim Type: Vandalism, Amount Paid: 6116.42, Fault: Not-At-Fault, Adjuster: Hector Hawkins, Damage: Windshield crack, Repair Cost: 1663.24, Garage: Rodriguez, Johnson and Rodriguez.",QC-64544128
What vehicle is insured by Rachael Payne?,"Policyholder Name: Rachael Payne, DOB: 1996-12-01, License: Q1618622, Address: 239 Andrew Divide, Averybury, BC N6V 1S7. Vehicle: 2023 Toyota Civic, VIN: 908b4e95-d167-433. Insurance Company: Intact Insurance, Policy Number: QC-64544128. Claim Date: 2020-10-09, Claim Type: Vandalism, Amount Paid: 6116.42, Fault: Not-At-Fault, Adjuster: Hector Hawkins, Damage: Windshield crack, Repair Cost: 1663.24, Garage: Rodriguez, Johnson and Rodriguez.",2023 Toyota Civic
What was the claim type filed by Rachael Payne?,"Policyholder Name: Rachael Payne, DOB: 1996-12-01, License: Q1618622, Address: 239 Andrew Divide, Averybury, BC N6V 1S7. Vehicle: 2023 Toyota Civic, VIN: 908b4e95-d167-433. Insurance Company: Intact Insurance, Policy Number: QC-64544128. Claim Date: 2020-10-09, Claim Type: Vandalism, Amount Paid: 6116.42, Fault: Not-At-Fault, Adjuster: Hector Hawkins, Damage: Windshield crack, Repair Cost: 1663.24, Garage: Rodriguez, Johnson and Rodriguez.",Vandalism
What is the policy number for Edward Aguirre?,"Policyholder Name: Edward Aguirre, DOB: 1967-02-26, License: Q1895661, Address: 83215 Jimenez Cape, Patriciaville, PE K8B 1K9. Vehicle: 2010 Chevrolet Camry, VIN: 85e4fd92-628e-4c1. Insurance Company: Intact Insurance, Policy Number: QC-13627083. Claim Date: 2024-12-16, Claim Type: None, Amount Paid: 4630.76, Fault: At-Fault, Adjuster: Ethan Wolfe, Damage: Windshield crack, Repair Cost: 1375.43, Garage: Coffey, Fowler and Austin.",QC-13627083
What vehicle is insured by Edward Aguirre?,"Policyholder Name: Edward Aguirre, DOB: 1967-02-26, License: Q1895661, Address: 83215 Jimenez Cape, Patriciaville, PE K8B 1K9. Vehicle: 2010 Chevrolet Camry, VIN: 85e4fd92-628e-4c1. Insurance Company: Intact Insurance, Policy Number: QC-13627083. Claim Date: 2024-12-16, Claim Type: None, Amount Paid: 4630.76, Fault: At-Fault, Adjuster: Ethan Wolfe, Damage: Windshield crack, Repair Cost: 1375.43, Garage: Coffey, Fowler and Austin.",2010 Chevrolet Camry
What was the claim type filed by Edward Aguirre?,"Policyholder Name: Edward Aguirre, DOB: 1967-02-26, License: Q1895661, Address: 83215 Jimenez Cape, Patriciaville, PE K8B 1K9. Vehicle: 2010 Chevrolet Camry, VIN: 85e4fd92-628e-4c1. Insurance Company: Intact Insurance, Policy Number: QC-13627083. Claim Date: 2024-12-16, Claim Type: None, Amount Paid: 4630.76, Fault: At-Fault, Adjuster: Ethan Wolfe, Damage: Windshield crack, Repair Cost: 1375.43, Garage: Coffey, Fowler and Austin.",None
What is the policy number for Tiffany Pierce?,"Policyholder Name: Tiffany Pierce, DOB: 2001-09-12, License: Q3738350, Address: 9324 Roberta Springs Apt. 804, Cynthialand, NS G9Y 4M6. Vehicle: 2016 Ford F-150, VIN: 44ea857f-0929-46b. Insurance Company: Québec Auto Insurance Corp, Policy Number: QC-90155450. Claim Date: 2021-05-18, Claim Type: Collision, Amount Paid: 9430.67, Fault: No Claim, Adjuster: Kevin Russell, Damage: Total loss, Repair Cost: 44.44, Garage: Owen and Sons.",QC-90155450
What vehicle is insured by Tiffany Pierce?,"Policyholder Name: Tiffany Pierce, DOB: 2001-09-12, License: Q3738350, Address: 9324 Roberta Springs Apt. 804, Cynthialand, NS G9Y 4M6. Vehicle: 2016 Ford F-150, VIN: 44ea857f-0929-46b. Insurance Company: Québec Auto Insurance Corp, Policy Number: QC-90155450. Claim Date: 2021-05-18, Claim Type: Collision, Amount Paid: 9430.67, Fault: No Claim, Adjuster: Kevin Russell, Damage: Total loss, Repair Cost: 44.44, Garage: Owen and Sons.",2016 Ford F-150
What was the claim type filed by Tiffany Pierce?,"Policyholder Name: Tiffany Pierce, DOB: 2001-09-12, License: Q3738350, Address: 9324 Roberta Springs Apt. 804, Cynthialand, NS G9Y 4M6. Vehicle: 2016 Ford F-150, VIN: 44ea857f-0929-46b. Insurance Company: Québec Auto Insurance Corp, Policy Number: QC-90155450. Claim Date: 2021-05-18, Claim Type: Collision, Amount Paid: 9430.67, Fault: No Claim, Adjuster: Kevin Russell, Damage: Total loss, Repair Cost: 44.44, Garage: Owen and Sons.",Collision
What is the policy number for Amanda Harris?,"Policyholder Name: Amanda Harris, DOB: 1969-01-08, License: Q9023881, Address: 814 Jonathon Island, Emmaborough, PE C9S3R9. Vehicle: 2010 Ford F-150, VIN: 7a39b9b5-5f8b-4e6. Insurance Company: Québec Auto Insurance Corp, Policy Number: QC-10043856. Claim Date: 2022-04-23, Claim Type: Vandalism, Amount Paid: 10152.71, Fault: No Claim, Adjuster: Brandon Hunt, Damage: Total loss, Repair Cost: 72.24, Garage: Bailey-Stewart.",QC-10043856
What vehicle is insured by Amanda Harris?,"Policyholder Name: Amanda Harris, DOB: 1969-01-08, License: Q9023881, Address: 814 Jonathon Island, Emmaborough, PE C9S3R9. Vehicle: 2010 Ford F-150, VIN: 7a39b9b5-5f8b-4e6. Insurance Company: Québec Auto Insurance Corp, Policy Number: QC-10043856. Claim Date: 2022-04-23, Claim Type: Vandalism, Amount Paid: 10152.71, Fault: No Claim, Adjuster: Brandon Hunt, Damage: Total loss, Repair Cost: 72.24, Garage: Bailey-Stewart.",2010 Ford F-150
What was the claim type filed by Amanda Harris?,"Policyholder Name: Amanda Harris, DOB: 1969-01-08, License: Q9023881, Address: 814 Jonathon Island, Emmaborough, PE C9S3R9. Vehicle: 2010 Ford F-150, VIN: 7a39b9b5-5f8b-4e6. Insurance Company: Québec Auto Insurance Corp, Policy Number: QC-10043856. Claim Date: 2022-04-23, Claim Type: Vandalism, Amount Paid: 10152.71, Fault: No Claim, Adjuster: Brandon Hunt, Damage: Total loss, Repair Cost: 72.24, Garage: Bailey-Stewart.",Vandalism
What is the policy number for Jennifer Hall?,"Policyholder Name: Jennifer Hall, DOB: 1999-03-14, License: Q7977245, Address: 454 Moore Burg Apt. 852, East Nicoletown, ON J6B8T6. Vehicle: 2012 Chevrolet Civic, VIN: e7789d2b-758a-457. Insurance Company: Intact Insurance, Policy Number: QC-64355586. Claim Date: 2020-07-17, Claim Type: Fire, Amount Paid: 489.01, Fault: No Claim, Adjuster: Heidi Gaines, Damage: Total loss, Repair Cost: 1990.5, Garage: Castro-Meyer.",QC-64355586
What vehicle is insured by Jennifer Hall?,"Policyholder Name: Jennifer Hall, DOB: 1999-03-14, License: Q7977245, Address: 454 Moore Burg Apt. 852, East Nicoletown, ON J6B8T6. Vehicle: 2012 Chevrolet Civic, VIN: e7789d2b-758a-457. Insurance Company: Intact Insurance, Policy Number: QC-64355586. Claim Date: 2020-07-17, Claim Type: Fire, Amount Paid: 489.01, Fault: No Claim, Adjuster: Heidi Gaines, Damage: Total loss, Repair Cost: 1990.5, Garage: Castro-Meyer.",2012 Chevrolet Civic
What was the claim type filed by Jennifer Hall?,"Policyholder Name: Jennifer Hall, DOB: 1999-03-14, License: Q7977245, Address: 454 Moore Burg Apt. 852, East Nicoletown, ON J6B8T6. Vehicle: 2012 Chevrolet Civic, VIN: e7789d2b-758a-457. Insurance Company: Intact Insurance, Policy Number: QC-64355586. Claim Date: 2020-07-17, Claim Type: Fire, Amount Paid: 489.01, Fault: No Claim, Adjuster: Heidi Gaines, Damage: Total loss, Repair Cost: 1990.5, Garage: Castro-Meyer.",Fire
What is the policy number for Brianna Williams?,"Policyholder Name: Brianna Williams, DOB: 1950-05-18, License: Q9928981, Address: 601 Valentine Loop Apt. 436, Ashleyfurt, NL N8H 3B5. Vehicle: 2024 Toyota F-150, VIN: e698ef4d-5141-405. Insurance Company: Québec Auto Insurance Corp, Policy Number: QC-38607587. Claim Date: 2024-10-25, Claim Type: Collision, Amount Paid: 7086.66, Fault: Not-At-Fault, Adjuster: Amanda Fischer, Damage: Front bumper dent, Repair Cost: 3143.29, Garage: Smith PLC.",QC-38607587
What vehicle is insured by Brianna Williams?,"Policyholder Name: Brianna Williams, DOB: 1950-05-18, License: Q9928981, Address: 601 Valentine Loop Apt. 436, Ashleyfurt, NL N8H 3B5. Vehicle: 2024 Toyota F-150, VIN: e698ef4d-5141-405. Insurance Company: Québec Auto Insurance Corp, Policy Number: QC-38607587. Claim Date: 2024-10-25, Claim Type: Collision, Amount Paid: 7086.66, Fault: Not-At-Fault, Adjuster: Amanda Fischer, Damage: Front bumper dent, Repair Cost: 3143.29, Garage: Smith PLC.",2024 Toyota F-150
What was the claim type filed by Brianna Williams?,"Policyholder Name: Brianna Williams, DOB: 1950-05-18, License: Q9928981, Address: 601 Valentine Loop Apt. 436, Ashleyfurt, NL N8H 3B5. Vehicle: 2024 Toyota F-150, VIN: e698ef4d-5141-405. Insurance Company: Québec Auto Insurance Corp, Policy Number: QC-38607587. Claim Date: 2024-10-25, Claim Type: Collision, Amount Paid: 7086.66, Fault: Not-At-Fault, Adjuster: Amanda Fischer, Damage: Front bumper dent, Repair Cost: 3143.29, Garage: Smith PLC.",Collision
What is the policy number for Anthony Wood?,"Policyholder Name: Anthony Wood, DOB: 1979-01-08, License: Q5752178, Address: 137 Christopher Grove, West Bryan, NT E3N 3G2. Vehicle: 2009 Chevrolet Camry, VIN: e676ad9c-19d3-456. Insurance Company: Intact Insurance, Policy Number: QC-69622469. Claim Date: 2020-07-16, Claim Type: Theft, Amount Paid: 6536.16, Fault: No Claim, Adjuster: Clinton Avila, Damage: None, Repair Cost: 2699.44, Garage: Diaz, Lee and Elliott.",QC-69622469
What vehicle is insured by Anthony Wood?,"Policyholder Name: Anthony Wood, DOB: 1979-01-08, License: Q5752178, Address: 137 Christopher Grove, West Bryan, NT E3N 3G2. Vehicle: 2009 Chevrolet Camry, VIN: e676ad9c-19d3-456. Insurance Company: Intact Insurance, Policy Number: QC-69622469. Claim Date: 2020-07-16, Claim Type: Theft, Amount Paid: 6536.16, Fault: No Claim, Adjuster: Clinton Avila, Damage: None, Repair Cost: 2699.44, Garage: Diaz, Lee and Elliott.",2009 Chevrolet Camry
What was the claim type filed by Anthony Wood?,"Policyholder Name: Anthony Wood, DOB: 1979-01-08, License: Q5752178, Address: 137 Christopher Grove, West Bryan, NT E3N 3G2. Vehicle: 2009 Chevrolet Camry, VIN: e676ad9c-19d3-456. Insurance Company: Intact Insurance, Policy Number: QC-69622469. Claim Date: 2020-07-16, Claim Type: Theft, Amount Paid: 6536.16, Fault: No Claim, Adjuster: Clinton Avila, Damage: None, Repair Cost: 2699.44, Garage: Diaz, Lee and Elliott.",Theft
What is the policy number for Oscar Mclaughlin?,"Policyholder Name: Oscar Mclaughlin, DOB: 1955-05-22, License: Q5408119, Address: 955 Russell Road Apt. 482, Jenniferport, SK R2C7R9. Vehicle: 2019 Chevrolet Camry, VIN: bf05f085-c056-4a9. Insurance Company: Desjardins, Policy Number: QC-69142515. Claim Date: 2021-09-18, Claim Type: Collision, Amount Paid: 4690.95, Fault: At-Fault, Adjuster: Jade Gray, Damage: Total loss, Repair Cost: 3293.34, Garage: Spencer Group.",QC-69142515
What vehicle is insured by Oscar Mclaughlin?,"Policyholder Name: Oscar Mclaughlin, DOB: 1955-05-22, License: Q5408119, Address: 955 Russell Road Apt. 482, Jenniferport, SK R2C7R9. Vehicle: 2019 Chevrolet Camry, VIN: bf05f085-c056-4a9. Insurance Company: Desjardins, Policy Number: QC-69142515. Claim Date: 2021-09-18, Claim Type: Collision, Amount Paid: 4690.95, Fault: At-Fault, Adjuster: Jade Gray, Damage: Total loss, Repair Cost: 3293.34, Garage: Spencer Group.",2019 Chevrolet Camry
What was the claim type filed by Oscar Mclaughlin?,"Policyholder Name: Oscar Mclaughlin, DOB: 1955-05-22, License: Q5408119, Address: 955 Russell Road Apt. 482, Jenniferport, SK R2C7R9. Vehicle: 2019 Chevrolet Camry, VIN: bf05f085-c056-4a9. Insurance Company: Desjardins, Policy Number: QC-69142515. Claim Date: 2021-09-18, Claim Type: Collision, Amount Paid: 4690.95, Fault: At-Fault, Adjuster: Jade Gray, Damage: Total loss, Repair Cost: 3293.34, Garage: Spencer Group.",Collision
What is the policy number for Annette Singleton?,"Policyholder Name: Annette Singleton, DOB: 2003-03-08, License: Q7421442, Address: 2692 Erin Station, Tuckerstad, SK X9R1K6. Vehicle: 2006 Honda F-150, VIN: 53a8b5cb-1a1d-4e8. Insurance Company: Desjardins, Policy Number: QC-47003494. Claim Date: 2020-05-17, Claim Type: None, Amount Paid: 7753.41, Fault: No Claim, Adjuster: Andrew Kline, Damage: Total loss, Repair Cost: 2815.32, Garage: Smith-Stephenson.",QC-47003494
What vehicle is insured by Annette Singleton?,"Policyholder Name: Annette Singleton, DOB: 2003-03-08, License: Q7421442, Address: 2692 Erin Station, Tuckerstad, SK X9R1K6. Vehicle: 2006 Honda F-150, VIN: 53a8b5cb-1a1d-4e8. Insurance Company: Desjardins, Policy Number: QC-47003494. Claim Date: 2020-05-17, Claim Type: None, Amount Paid: 7753.41, Fault: No Claim, Adjuster: Andrew Kline, Damage: Total loss, Repair Cost: 2815.32, Garage: Smith-Stephenson.",2006 Honda F-150
What was the claim type filed by Annette Singleton?,"Policyholder Name: Annette Singleton, DOB: 2003-03-08, License: Q7421442, Address: 2692 Erin Station, Tuckerstad, SK X9R1K6. Vehicle: 2006 Honda F-150, VIN: 53a8b5cb-1a1d-4e8. Insurance Company: Desjardins, Policy Number: QC-47003494. Claim Date: 2020-05-17, Claim Type: None, Amount Paid: 7753.41, Fault: No Claim, Adjuster: Andrew Kline, Damage: Total loss, Repair Cost: 2815.32, Garage: Smith-Stephenson.",None
What is the policy number for Gabriel Vargas?,"Policyholder Name: Gabriel Vargas, DOB: 2006-10-14, License: Q3728081, Address: 533 Brown Parkways, Lake Kevinchester, NB R8C8P7. Vehicle: 2019 Toyota F-150, VIN: 9fd33ae4-2170-46b. Insurance Company: Intact Insurance, Policy Number: QC-13758860. Claim Date: 2020-08-22, Claim Type: Fire, Amount Paid: 2624.73, Fault: Not-At-Fault, Adjuster: Ryan Carroll, Damage: Total loss, Repair Cost: 1338.18, Garage: Johnson-Zamora.",QC-13758860
What vehicle is insured by Gabriel Vargas?,"Policyholder Name: Gabriel Vargas, DOB: 2006-10-14, License: Q3728081, Address: 533 Brown Parkways, Lake Kevinchester, NB R8C8P7. Vehicle: 2019 Toyota F-150, VIN: 9fd33ae4-2170-46b. Insurance Company: Intact Insurance, Policy Number: QC-13758860. Claim Date: 2020-08-22, Claim Type: Fire, Amount Paid: 2624.73, Fault: Not-At-Fault, Adjuster: Ryan Carroll, Damage: Total loss, Repair Cost: 1338.18, Garage: Johnson-Zamora.",2019 Toyota F-150
What was the claim type filed by Gabriel Vargas?,"Policyholder Name: Gabriel Vargas, DOB: 2006-10-14, License: Q3728081, Address: 533 Brown Parkways, Lake Kevinchester, NB R8C8P7. Vehicle: 2019 Toyota F-150, VIN: 9fd33ae4-2170-46b. Insurance Company: Intact Insurance, Policy Number: QC-13758860. Claim Date: 2020-08-22, Claim Type: Fire, Amount Paid: 2624.73, Fault: Not-At-Fault, Adjuster: Ryan Carroll, Damage: Total loss, Repair Cost: 1338.18, Garage: Johnson-Zamora.",Fire
What is the policy number for Amanda Solomon?,"Policyholder Name: Amanda Solomon, DOB: 1993-02-01, License: Q2223807, Address: 8312 Robert Trail Apt. 423, Port Nicholas, YT X5N4T8. Vehicle: 2022 Ford Camry, VIN: 4d634a34-61d5-443. Insurance Company: Québec Auto Insurance Corp, Policy Number: QC-91570538. Claim Date: 2022-06-12, Claim Type: Theft, Amount Paid: 7741.22, Fault: At-Fault, Adjuster: Jessica Walker, Damage: Total loss, Repair Cost: 2838.85, Garage: Dixon, Kelly and Evans.",QC-91570538
What vehicle is insured by Amanda Solomon?,"Policyholder Name: Amanda Solomon, DOB: 1993-02-01, License: Q2223807, Address: 8312 Robert Trail Apt. 423, Port Nicholas, YT X5N4T8. Vehicle: 2022 Ford Camry, VIN: 4d634a34-61d5-443. Insurance Company: Québec Auto Insurance Corp, Policy Number: QC-91570538. Claim Date: 2022-06-12, Claim Type: Theft, Amount Paid: 7741.22, Fault: At-Fault, Adjuster: Jessica Walker, Damage: Total loss, Repair Cost: 2838.85, Garage: Dixon, Kelly and Evans.",2022 Ford Camry
What was the claim type filed by Amanda Solomon?,"Policyholder Name: Amanda Solomon, DOB: 1993-02-01, License: Q2223807, Address: 8312 Robert Trail Apt. 423, Port Nicholas, YT X5N4T8. Vehicle: 2022 Ford Camry, VIN: 4d634a34-61d5-443. Insurance Company: Québec Auto Insurance Corp, Policy Number: QC-91570538. Claim Date: 2022-06-12, Claim Type: Theft, Amount Paid: 7741.22, Fault: At-Fault, Adjuster: Jessica Walker, Damage: Total loss, Repair Cost: 2838.85, Garage: Dixon, Kelly and Evans.",Theft
